{
  "type": "minecraft:block",
  "pools": [
    {
      "rolls": 1,
      "bonus_rolls": 0,
      "entries": [
        {
          "type": "minecraft:alternatives",
          "children": [
            {
              "type": "minecraft:item",
              "name": "minecraft:deepslate_gold_ore",
              "conditions": [
                {
                  "condition": "minecraft:match_tool",
                  "predicate": {
                    "enchantments": [
                      {
                        "enchantment": "minecraft:silk_touch",
                        "levels": {
                          "min": 1
                        }
                      }
                    ]
                  }
                }
              ]
            },
            {
              "type": "minecraft:item",
              "name": "minecraft:gold_ingot",
              "conditions": [
                {
                  "condition": "minecraft:match_tool",
                  "predicate": {
                    "tag": "minecraft:pickaxes",
                    "nbt": "{Enchantments:[{}],display:{Lore:['{\"text\": \"Переплавка\",\"color\": \"gray\",\"italic\": false}']}}"
                  }
                }
              ]
            },
            {
              "type": "minecraft:item",
              "name": "minecraft:raw_gold",
              "functions": [
                {
                  "function": "minecraft:apply_bonus",
                  "enchantment": "minecraft:fortune",
                  "formula": "minecraft:ore_drops"
                },
                {
                  "function": "minecraft:explosion_decay"
                }
              ]
            }
          ]
        }
      ]
    }
  ]
}
